[
    {
        "appid":10,
        "name":"Counter-Strike",
        "release_date":"2000-11-01",
        "english":1,
        "developer":"Valve",
        "publisher":"Valve",
        "platforms":"windows, mac, linux",
        "required_age":0,
        "categories":"Multi-player, Online Multi-Player, Local Multi-Player, Valve Anti-Cheat enabled",
        "genres":"Action",
        "steamspy_tags":"Action, FPS, Multiplayer",
        "achievements":0,
        "positive_ratings":124534,
        "negative_ratings":3339,
        "average_playtime":17612,
        "median_playtime":317,
        "owners":"10000000-20000000",
        "price":7.19
    },
    {
        "appid":20,
        "name":"Team Fortress Classic",
        "release_date":"1999-04-01",
        "english":1,
        "developer":"Valve",
        "publisher":"Valve",
        "platforms":"windows, mac, linux",
        "required_age":0,
        "categories":"Multi-player, Online Multi-Player, Local Multi-Player, Valve Anti-Cheat enabled",
        "genres":"Action",
        "steamspy_tags":"Action, FPS, Multiplayer",
        "achievements":0,
        "positive_ratings":3318,
        "negative_ratings":633,
        "average_playtime":277,
        "median_playtime":62,
        "owners":"5000000-10000000",
        "price":3.99
    },
    {
        "appid":30,
        "name":"Day of Defeat",
        "release_date":"2003-05-01",
        "english":1,
        "developer":"Valve",
        "publisher":"Valve",
        "platforms":"windows, mac, linux",
        "required_age":0,
        "categories":"Multi-player, Valve Anti-Cheat enabled",
        "genres":"Action",
        "steamspy_tags":"FPS, World War II, Multiplayer",
        "achievements":0,
        "positive_ratings":3416,
        "negative_ratings":398,
        "average_playtime":187,
        "median_playtime":34,
        "owners":"5000000-10000000",
        "price":3.99
    },
    {
        "appid":40,
        "name":"Deathmatch Classic",
        "release_date":"2001-06-01",
        "english":1,
        "developer":"Valve",
        "publisher":"Valve",
        "platforms":"windows, mac, linux",
        "required_age":0,
        "categories":"Multi-player, Online Multi-Player, Local Multi-Player, Valve Anti-Cheat enabled",
        "genres":"Action",
        "steamspy_tags":"Action, FPS, Multiplayer",
        "achievements":0,
        "positive_ratings":1273,
        "negative_ratings":267,
        "average_playtime":258,
        "median_playtime":184,
        "owners":"5000000-10000000",
        "price":3.99
    },
    {
        "appid":50,
        "name":"Half-Life: Opposing Force",
        "release_date":"1999-11-01",
        "english":1,
        "developer":"Gearbox Software",
        "publisher":"Valve",
        "platforms":"windows, mac, linux",
        "required_age":0,
        "categories":"Single-player, Multi-player, Valve Anti-Cheat enabled",
        "genres":"Action",
        "steamspy_tags":"FPS, Action, Sci-fi",
        "achievements":0,
        "positive_ratings":5250,
        "negative_ratings":288,
        "average_playtime":624,
        "median_playtime":415,
        "owners":"5000000-10000000",
        "price":3.99
    },
    {
        "appid":60,
        "name":"Ricochet",
        "release_date":"2000-11-01",
        "english":1,
        "developer":"Valve",
        "publisher":"Valve",
        "platforms":"windows, mac, linux",
        "required_age":0,
        "categories":"Multi-player, Online Multi-Player, Valve Anti-Cheat enabled",
        "genres":"Action",
        "steamspy_tags":"Action, FPS, Multiplayer",
        "achievements":0,
        "positive_ratings":2758,
        "negative_ratings":684,
        "average_playtime":175,
        "median_playtime":10,
        "owners":"5000000-10000000",
        "price":3.99
    },
    {
        "appid":70,
        "name":"Half-Life",
        "release_date":"1998-11-08",
        "english":1,
        "developer":"Valve",
        "publisher":"Valve",
        "platforms":"windows, mac, linux",
        "required_age":0,
        "categories":"Single-player, Multi-player, Online Multi-Player, Steam Cloud, Valve Anti-Cheat enabled",
        "genres":"Action",
        "steamspy_tags":"FPS, Classic, Action",
        "achievements":0,
        "positive_ratings":27755,
        "negative_ratings":1100,
        "average_playtime":1300,
        "median_playtime":83,
        "owners":"5000000-10000000",
        "price":7.19
    },
    {
        "appid":351970,
        "name":"Tales of Zestiria",
        "release_date":"2015-10-19",
        "english":1,
        "developer":"BANDAI NAMCO Studio Inc.",
        "publisher":"BANDAI NAMCO Entertainment",
        "platforms":"windows",
        "required_age":0,
        "categories":"Single-player, Shared\/Split Screen, Steam Achievements, Full controller support, Steam Trading Cards, Steam Cloud",
        "genres":"RPG",
        "steamspy_tags":"JRPG, Anime, RPG",
        "achievements":56,
        "positive_ratings":5300,
        "negative_ratings":972,
        "average_playtime":1445,
        "median_playtime":1495,
        "owners":"500000-1000000",
        "price":39.99
    },
    {
        "appid":352190,
        "name":"Spirit of War",
        "release_date":"2015-03-12",
        "english":1,
        "developer":"G-OLD",
        "publisher":"Plug In Digital",
        "platforms":"windows, mac",
        "required_age":0,
        "categories":"Single-player, Multi-player, Shared\/Split Screen, Steam Trading Cards, Partial Controller Support, Steam Cloud",
        "genres":"Strategy",
        "steamspy_tags":"Strategy, World War I, Turn-Based Strategy",
        "achievements":0,
        "positive_ratings":36,
        "negative_ratings":24,
        "average_playtime":0,
        "median_playtime":0,
        "owners":"20000-50000",
        "price":6.99
    },
    {
        "appid":292030,
        "name":"The Witcher 3: Wild Hunt",
        "release_date":"2015-05-18",
        "english":1,
        "developer":"CD PROJEKT RED",
        "publisher":"CD PROJEKT RED",
        "platforms":"windows",
        "required_age":0,
        "categories":"Single-player, Steam Achievements, Full controller support, Steam Trading Cards, Steam Cloud",
        "genres":"RPG",
        "steamspy_tags":"Open World, RPG, Story Rich",
        "achievements":78,
        "positive_ratings":202930,
        "negative_ratings":4798,
        "average_playtime":3068,
        "median_playtime":2002,
        "owners":"5000000-10000000",
        "price":24.99
    },
    {
        "appid":1690,
        "name":"Space Empires V",
        "release_date":"2006-10-16",
        "english":1,
        "developer":"Malfador Machinations",
        "publisher":"Strategy First",
        "platforms":"windows",
        "required_age":0,
        "categories":"Single-player, Multi-player",
        "genres":"Strategy",
        "steamspy_tags":"Strategy, 4X, Space",
        "achievements":0,
        "positive_ratings":191,
        "negative_ratings":85,
        "average_playtime":35,
        "median_playtime":35,
        "owners":"50000-100000",
        "price":10.99
    },
    {
        "appid":1700,
        "name":"Arx Fatalis",
        "release_date":"2007-04-03",
        "english":1,
        "developer":"Arkane Studios",
        "publisher":"Arkane Studios",
        "platforms":"windows",
        "required_age":0,
        "categories":"Single-player",
        "genres":"RPG",
        "steamspy_tags":"RPG, First-Person, Classic",
        "achievements":0,
        "positive_ratings":671,
        "negative_ratings":106,
        "average_playtime":11,
        "median_playtime":21,
        "owners":"100000-200000",
        "price":2.99
    },
    {
        "appid":1930,
        "name":"Two Worlds Epic Edition",
        "release_date":"2009-04-30",
        "english":1,
        "developer":"Reality Pump Studios",
        "publisher":"Topware Interactive",
        "platforms":"windows, mac, linux",
        "required_age":0,
        "categories":"Single-player, Multi-player, Online Multi-Player, Online Co-op, Cross-Platform Multiplayer, Steam Trading Cards, Partial Controller Support",
        "genres":"RPG",
        "steamspy_tags":"RPG, Open World, Fantasy",
        "achievements":0,
        "positive_ratings":2656,
        "negative_ratings":1055,
        "average_playtime":484,
        "median_playtime":422,
        "owners":"1000000-2000000",
        "price":6.99
    },
    {
        "appid":2100,
        "name":"Dark Messiah of Might & Magic",
        "release_date":"2006-10-25",
        "english":1,
        "developer":"Arkane Studios",
        "publisher":"Ubisoft",
        "platforms":"windows",
        "required_age":0,
        "categories":"Single-player, Multi-player, Valve Anti-Cheat enabled",
        "genres":"Action, RPG",
        "steamspy_tags":"RPG, Action, First-Person",
        "achievements":0,
        "positive_ratings":4386,
        "negative_ratings":316,
        "average_playtime":634,
        "median_playtime":700,
        "owners":"1000000-2000000",
        "price":4.29
    },
    {
        "appid":494050,
        "name":"Road to your City",
        "release_date":"2019-03-29",
        "english":1,
        "developer":"Yheeky Games",
        "publisher":"Yheeky Games",
        "platforms":"windows, mac, linux",
        "required_age":0,
        "categories":"Single-player, Steam Achievements",
        "genres":"Indie, Simulation, Sports, Strategy, Early Access",
        "steamspy_tags":"Early Access, Simulation, Indie",
        "achievements":16,
        "positive_ratings":18,
        "negative_ratings":5,
        "average_playtime":0,
        "median_playtime":0,
        "owners":"0-20000",
        "price":7.5
    },
    {
        "appid":494100,
        "name":"ENIGMA:",
        "release_date":"2016-11-15",
        "english":1,
        "developer":"Uzumeya",
        "publisher":"Fruitbat Factory",
        "platforms":"windows",
        "required_age":0,
        "categories":"Single-player, Steam Achievements, Steam Trading Cards, Steam Cloud",
        "genres":"Adventure, Indie",
        "steamspy_tags":"Adventure, Indie, Visual Novel",
        "achievements":22,
        "positive_ratings":55,
        "negative_ratings":1,
        "average_playtime":0,
        "median_playtime":0,
        "owners":"0-20000",
        "price":10.99
    },
    {
        "appid":494120,
        "name":"RX squad",
        "release_date":"2016-07-30",
        "english":1,
        "developer":"YFYX games",
        "publisher":"YFYX games",
        "platforms":"windows",
        "required_age":0,
        "categories":"Single-player, Steam Trading Cards, Partial Controller Support",
        "genres":"Action, Adventure, Casual, Indie",
        "steamspy_tags":"Action, Adventure, Indie",
        "achievements":0,
        "positive_ratings":13,
        "negative_ratings":6,
        "average_playtime":0,
        "median_playtime":0,
        "owners":"0-20000",
        "price":1.59
    },
    {
        "appid":494150,
        "name":"The Thrill of the Fight - VR Boxing",
        "release_date":"2016-07-01",
        "english":1,
        "developer":"Ian Fitz",
        "publisher":"Ian Fitz",
        "platforms":"windows",
        "required_age":0,
        "categories":"Single-player",
        "genres":"Action, Sports, Early Access",
        "steamspy_tags":"Early Access, Sports, Action",
        "achievements":0,
        "positive_ratings":842,
        "negative_ratings":52,
        "average_playtime":40,
        "median_playtime":40,
        "owners":"20000-50000",
        "price":6.99
    },
    {
        "appid":494170,
        "name":"Miniature Garden",
        "release_date":"2017-03-30",
        "english":1,
        "developer":"Muzintou",
        "publisher":"Fruitbat Factory",
        "platforms":"windows",
        "required_age":0,
        "categories":"Single-player, Steam Achievements, Steam Trading Cards, Steam Cloud",
        "genres":"Adventure, Casual, Indie",
        "steamspy_tags":"Indie, Adventure, Casual",
        "achievements":8,
        "positive_ratings":36,
        "negative_ratings":6,
        "average_playtime":0,
        "median_playtime":0,
        "owners":"0-20000",
        "price":14.99
    },
    {
        "appid":494220,
        "name":"Blight of the Immortals",
        "release_date":"2016-10-25",
        "english":1,
        "developer":"Iron Helmet Games",
        "publisher":"Iron Helmet Games",
        "platforms":"windows, mac",
        "required_age":0,
        "categories":"Single-player, Online Multi-Player, Online Co-op, Cross-Platform Multiplayer, In-App Purchases",
        "genres":"Strategy",
        "steamspy_tags":"Strategy, Co-op, Multiplayer",
        "achievements":0,
        "positive_ratings":28,
        "negative_ratings":19,
        "average_playtime":0,
        "median_playtime":0,
        "owners":"20000-50000",
        "price":0.0
    },
    {
        "appid":494230,
        "name":"Heart's Medicine - Time to Heal",
        "release_date":"2016-09-20",
        "english":1,
        "developer":"Blue Giraffe",
        "publisher":"GameHouse",
        "platforms":"windows, mac",
        "required_age":0,
        "categories":"Single-player, Steam Achievements, Steam Trading Cards, Steam Cloud",
        "genres":"Adventure, Casual, Indie, Simulation",
        "steamspy_tags":"Casual, Indie, Simulation",
        "achievements":18,
        "positive_ratings":580,
        "negative_ratings":47,
        "average_playtime":394,
        "median_playtime":394,
        "owners":"20000-50000",
        "price":9.99
    },
    {
        "appid":494290,
        "name":"MiDZone",
        "release_date":"2016-07-11",
        "english":1,
        "developer":"NFA, AMASS",
        "publisher":"NFA",
        "platforms":"windows",
        "required_age":0,
        "categories":"Single-player",
        "genres":"Action, Indie",
        "steamspy_tags":"Action, Indie, Singleplayer",
        "achievements":25,
        "positive_ratings":23,
        "negative_ratings":39,
        "average_playtime":224,
        "median_playtime":224,
        "owners":"20000-50000",
        "price":1.99
    },
    {
        "appid":494310,
        "name":"Unbreakable Vr Runner",
        "release_date":"2016-07-04",
        "english":1,
        "developer":"Miikka asnabrygg",
        "publisher":"Miikka asnabrygg",
        "platforms":"windows",
        "required_age":0,
        "categories":"Single-player",
        "genres":"Action, Adventure, Indie, Sports, Early Access",
        "steamspy_tags":"Early Access, Adventure, Action",
        "achievements":0,
        "positive_ratings":54,
        "negative_ratings":0,
        "average_playtime":0,
        "median_playtime":0,
        "owners":"0-20000",
        "price":4.79
    },
    {
        "appid":494320,
        "name":"Wizrogue - Labyrinth of Wizardry",
        "release_date":"2017-02-24",
        "english":1,
        "developer":"Taito",
        "publisher":"Forever Entertainment S. A.",
        "platforms":"windows, mac, linux",
        "required_age":0,
        "categories":"Single-player, Steam Achievements, Steam Trading Cards, Steam Cloud, Steam Leaderboards",
        "genres":"Adventure, RPG",
        "steamspy_tags":"RPG, Adventure, Rogue-like",
        "achievements":237,
        "positive_ratings":84,
        "negative_ratings":52,
        "average_playtime":29,
        "median_playtime":29,
        "owners":"0-20000",
        "price":8.99
    },
    {
        "appid":494350,
        "name":"Bowl VR",
        "release_date":"2016-06-24",
        "english":1,
        "developer":"Carbon Fiber Games",
        "publisher":"Carbon Fiber Games",
        "platforms":"windows",
        "required_age":0,
        "categories":"Single-player, Local Multi-Player, Local Co-op, Steam Achievements",
        "genres":"Casual, Simulation, Sports",
        "steamspy_tags":"Sports, Casual, Simulation",
        "achievements":7,
        "positive_ratings":8,
        "negative_ratings":10,
        "average_playtime":0,
        "median_playtime":0,
        "owners":"0-20000",
        "price":4.99
    },
    {
        "appid":494360,
        "name":"Barrow Hill: Curse of the Ancient Circle",
        "release_date":"2016-09-22",
        "english":1,
        "developer":"Shadow Tor Studios",
        "publisher":"Iceberg Interactive",
        "platforms":"windows",
        "required_age":0,
        "categories":"Single-player",
        "genres":"Adventure, Indie",
        "steamspy_tags":"Adventure, Indie, Point & Click",
        "achievements":0,
        "positive_ratings":40,
        "negative_ratings":5,
        "average_playtime":0,
        "median_playtime":0,
        "owners":"20000-50000",
        "price":5.59
    },
    {
        "appid":494370,
        "name":"Orbital Strike: Arena",
        "release_date":"2016-07-12",
        "english":1,
        "developer":"Sandglass Games LLC",
        "publisher":"Sandglass Games LLC",
        "platforms":"windows",
        "required_age":0,
        "categories":"Multi-player, Online Multi-Player, Online Co-op",
        "genres":"Action, Indie, Early Access",
        "steamspy_tags":"Early Access, Action, Indie",
        "achievements":0,
        "positive_ratings":20,
        "negative_ratings":5,
        "average_playtime":0,
        "median_playtime":0,
        "owners":"0-20000",
        "price":10.99
    },
    {
        "appid":494380,
        "name":"VR Boxing Workout",
        "release_date":"2016-07-10",
        "english":1,
        "developer":"Wenkly Studio Sp. z o.o.",
        "publisher":"Wenkly Studio Sp. z o.o.",
        "platforms":"windows",
        "required_age":0,
        "categories":"Single-player",
        "genres":"Simulation, Sports",
        "steamspy_tags":"Simulation, Sports, VR",
        "achievements":0,
        "positive_ratings":2,
        "negative_ratings":6,
        "average_playtime":0,
        "median_playtime":0,
        "owners":"0-20000",
        "price":3.99
    },
    {
        "appid":494430,
        "name":"Praey for the Gods",
        "release_date":"2019-01-31",
        "english":1,
        "developer":"No Matter Studios",
        "publisher":"No Matter Studios",
        "platforms":"windows",
        "required_age":0,
        "categories":"Single-player, Full controller support",
        "genres":"Action, Adventure, Indie, RPG, Simulation, Early Access",
        "steamspy_tags":"Early Access, Adventure, Action",
        "achievements":0,
        "positive_ratings":376,
        "negative_ratings":84,
        "average_playtime":0,
        "median_playtime":0,
        "owners":"20000-50000",
        "price":23.79
    },
    {
        "appid":494440,
        "name":"The Amazing Shinsengumi: Heroes in Love",
        "release_date":"2016-07-26",
        "english":1,
        "developer":"Dogenzaka Lab",
        "publisher":"Dogenzaka Lab",
        "platforms":"windows",
        "required_age":16,
        "categories":"Single-player, Steam Achievements, Steam Trading Cards",
        "genres":"Adventure",
        "steamspy_tags":"Adventure, Visual Novel, Otome",
        "achievements":18,
        "positive_ratings":49,
        "negative_ratings":29,
        "average_playtime":0,
        "median_playtime":0,
        "owners":"0-20000",
        "price":11.99
    },
    {
        "appid":494450,
        "name":"Office lovers",
        "release_date":"2016-08-07",
        "english":1,
        "developer":"Dogenzaka Lab",
        "publisher":"Dogenzaka Lab",
        "platforms":"windows",
        "required_age":16,
        "categories":"Single-player, Steam Achievements, Steam Trading Cards",
        "genres":"Adventure",
        "steamspy_tags":"Adventure, Visual Novel, Otome",
        "achievements":13,
        "positive_ratings":34,
        "negative_ratings":31,
        "average_playtime":0,
        "median_playtime":0,
        "owners":"0-20000",
        "price":11.99
    },
    {
        "appid":494460,
        "name":"Dangerous Relationship",
        "release_date":"2016-08-23",
        "english":1,
        "developer":"Dogenzaka Lab",
        "publisher":"Dogenzaka Lab",
        "platforms":"windows",
        "required_age":18,
        "categories":"Single-player, Steam Achievements, Steam Trading Cards",
        "genres":"Adventure",
        "steamspy_tags":"Adventure, Female Protagonist, Visual Novel",
        "achievements":13,
        "positive_ratings":25,
        "negative_ratings":24,
        "average_playtime":0,
        "median_playtime":0,
        "owners":"0-20000",
        "price":11.99
    },
    {
        "appid":494470,
        "name":"My Butler",
        "release_date":"2016-08-14",
        "english":1,
        "developer":"Dogenzaka Lab",
        "publisher":"Dogenzaka Lab",
        "platforms":"windows",
        "required_age":18,
        "categories":"Single-player, Steam Achievements, Steam Trading Cards",
        "genres":"Adventure",
        "steamspy_tags":"Adventure, Otome, Anime",
        "achievements":9,
        "positive_ratings":34,
        "negative_ratings":31,
        "average_playtime":0,
        "median_playtime":0,
        "owners":"0-20000",
        "price":6.99
    }
]
